"conversation_id_str","created_at","favorite_count","full_text","id_str","image_url","in_reply_to_screen_name","lang","location","quote_count","reply_count","retweet_count","tweet_url","user_id_str","username"
"1725145993891713235","Thu Nov 16 13:37:11 +0000 2023","12025","Menu program pemberian makanan tambahan (PMT) Dinas Kesehatan (Dinkes) Kota Depok di Kecamatan Tapos menuai kritik dari masyarakat. Pasalnya menu pencegah stunting yang disajikan dengan anggaran Rp 18.000 per paket hanya berupa nasi kuah sop dan tahu rebus. Masyarakat menilai https://t.co/3Rb8ZfHckC","1725145993891713235","https://pbs.twimg.com/media/F_DzIpfaAAAbvyL.jpg","","in","DKI Jakarta, Indonesia","1038","1511","1801","https://x.com/sosmedkeras/status/1725145993891713235","1310415148184600577","sosmedkeras"
"1787777258230542525","Tue May 07 09:31:28 +0000 2024","242","Bismillah Puluhan Anak &amp; Balita Hampir saja Meninggal dunia Akibat Keracunan Massal setelah mengkonsumsi Bubur Pemberian Makanan Tambahan atau PMT Cegah Stunting Dinas Pengendalian Penduduk &amp; KB Majene - Sulawesi Barat. Nah... Stunting Programnya Siapa hayo...⁉️ https://t.co/2AgPBjVwgn","1787777258230542525","https://pbs.twimg.com/ext_tw_video_thumb/1787777218267230209/pu/img/iyEI1PDmYhd5XX_-.jpg","","in","","6","14","205","https://x.com/NinzExe07/status/1787777258230542525","1651123026203901952","NinzExe07"
"1734097312753090909","Mon Dec 11 06:26:31 +0000 2023","406","05 April 2019 Gubernur Provinsi DKI Jakarta @aniesbaswedan meninjau Program Pemberian Makanan Tambahan Anak Sekolah (PMTAS) di SDN Kedaung Kali Angke 03 08 09 12 dan 13 Jl. Komp. Departemen Agama Kedaung Kali Angke Cengkareng Kota Jakarta Barat https://t.co/9sZZW83dBp","1734097312753090909","https://pbs.twimg.com/amplify_video_thumb/1734096846153547776/img/f8gKAkR1V_dD2sZo.jpg","","in","Warteg","6","10","207","https://x.com/BosPurwa/status/1734097312753090909","1068371293290946561","BosPurwa"
"1738195203088125969","Fri Dec 22 13:50:05 +0000 2023","20","Gibran Bicara Stunting Stunting hanya Beda nama di jaman Presiden SOEHARTO sudah ada namanya PMTAS ( pemberian makanan tambahan Anak sekolah ) Kalau gak salah Ketuanya Ibu Halimah Trihatmodjo Mantan Istri Bambang Trihatmodjo. https://t.co/W8hq84MaMT","1738195203088125969","https://pbs.twimg.com/media/GB9PUvya8AAV7QP.jpg","","in","","0","9","7","https://x.com/Putri96960977/status/1738195203088125969","1605760365866160129","Putri96960977"
"1754432028693635280","Mon Feb 05 09:09:26 +0000 2024","404","Penanganan stunting dgn dimulai pd wanita sblm &amp; saat hamil itu sudah ada programnya dari Kemenkes. Intervensinya: 1. Pemeriksaan/skrining anemia 2. Pemberian tablet tambah darah bagi remaja putri 3. Pemeriksaan kehamilan dan makanan tambahan bagi ibu hamil Di daerah kalian gmn?","1754432028693635280","","","in","Jakarta, Indonesia","11","314","172","https://x.com/oxfara/status/1754432028693635280","31079332","oxfara"
"1787761784671400052","Tue May 07 08:29:59 +0000 2024","60","Puluhan balita di Majene Sulawesi Barat mengalami keracunan setelah mengonsumsi paket Pemberian Makanan Tambahan (PMT) untuk mencegah stunting. https://t.co/yGAgbjnD5Z","1787761784671400052","https://pbs.twimg.com/ext_tw_video_thumb/1787761734725554176/pu/img/1GihTxMLcij5Uvfz.jpg","","in","Istana Presiden","2","15","36","https://x.com/Bams_4GP/status/1787761784671400052","1376024371949498371","Bams_4GP"
"1787788953241940082","Tue May 07 10:17:56 +0000 2024","144","Puluhan balita keracunan masal setelah mengkonsumsi bubur pemberian makanan tambahan (PMT) cegah stunting dari dinas pengendalian penduduk dan KB Majene Sulbar kalo nanti makan siang gratis gimana ya pengawasannya agar yg seperti ini tak terjadi?karena kalo tak ada pengawasan yg https://t.co/yBI8GUkk2i","1787788953241940082","https://pbs.twimg.com/ext_tw_video_thumb/1787788126100111362/pu/img/36P10Y5klxq3vn2C.jpg","","in","Planeta Rica, Colombia","12","30","107","https://x.com/5teV3n_Pe9eL/status/1787788953241940082","224431376","5teV3n_Pe9eL"
"1727649114375311386","Thu Nov 23 11:23:41 +0000 2023","144","Pernah ngobrolin kegiatan mengurangi stunting via pemberian makanan tambahan utk anak sekolah lsng dikoreksi sama temen2 dinkes. Udah telat pak/bu kata mereka. ","1727649114375311386","","","in","","9","6","40","https://x.com/ence_dwi/status/1727649114375311386","111605105","ence_dwi"
"1725759450508866022","Sat Nov 18 06:14:50 +0000 2023","41","Anggaran Miliaran Rupiah Menu Makanan Cegah Stunting Isinya Cuma Tahu dan Sawi. Kok bisa⁉ Program pemberian makanan tambahan (PMT) Kota Depok Jawa Barat menuai polemik. Pasalnya makanan yang diberikan dalam program tersebut diperuntukan bagi anak-anak guna mencegah stunting. https://t.co/WgiJyeiON6","1725759450508866022","https://pbs.twimg.com/media/F_MhESlbQAAhVWC.jpg","","in","","10","35","28","https://x.com/RadioElshinta/status/1725759450508866022","121640063","RadioElshinta"
"978962438358949889","Wed Mar 28 11:50:08 +0000 2018","22","Program Kartu Indonesia Sehat (KIS) telah diberikan pada 92 4 juta penduduk tidak mampu sebagai wujud konkret jaminan kesehatan masyarakat. Melalui berbagai afirmasi pemberian makanan tambahan dan pembinaan angka stunting semakin menurun. #ProgramPrioritasPMK https://t.co/guxpyjd6C1","978962438358949889","https://pbs.twimg.com/media/DZX5IPLU8AEFXgS.jpg","","in","Jakarta","1","1","9","https://x.com/Kemdikbud_RI/status/978962438358949889","631701837","Kemdikbud_RI"
"1733844632868643291","Mon Dec 11 00:09:52 +0000 2023","102","@CNNIndonesia Kalau di jakarta ada pemberian makanan sehat dan bergizi dari 2019 nama program nya pemberian makanan tambahan untuk anak sekolah. yang dilibatkan untuk buat makanan nya itu orang tua murid. https://t.co/LRdaEpkunq","1734002522149532049","https://pbs.twimg.com/ext_tw_video_thumb/1734001518012174336/pu/img/VA3ilJP5u_vNnCzw.jpg","CNNIndonesia","in","bekasi","3","5","27","https://x.com/IlhamAtsaris/status/1734002522149532049","315133850","IlhamAtsaris"
"1783745383962911141","Fri Apr 26 06:30:14 +0000 2024","14","Pemantauan kesehatan Warga Binaan &amp; pemberian makanan tambahan bagi WBP Lansia #Kemenkumhamri #Ditjenpas #KumhamSumsel #Kumhampasti #Pemasyarakatan #RutanBaturaja #HBP60 #HariBaktiPemasyarakatan60 #PemasyarakatanPastiBerdampak #KumhamPasti https://t.co/DlonWJYF8P","1783745383962911141","https://pbs.twimg.com/ext_tw_video_thumb/1783745297723920384/pu/img/V0Kz7OaWUzeF_AVp.jpg","","in","Sumatera Selatan, Indonesia","0","0","13","https://x.com/rutanbaturaja/status/1783745383962911141","998737833157320704","rutanbaturaja"
"1787779068303409458","Tue May 07 09:38:39 +0000 2024","3","Waduh Puluhan anak dan balita diduga keracunan massal setelah mengonsumsi bubur pemberian makanan tambahan atau PMT cegah stunting Dinas Pengendalian Penduduk dan Keluarga Berencana Majene Sulawesi Barat. https://t.co/vYPAQdOEPT","1787779068303409458","https://pbs.twimg.com/ext_tw_video_thumb/1787778961814282240/pu/img/dENNQ8SnEfQUroUi.jpg","","in","Ngalam","0","0","3","https://x.com/Boc4h_Old/status/1787779068303409458","570509062","Boc4h_Old"
"1788199371844284786","Wed May 08 13:28:48 +0000 2024","0","semoga tidak ada korban. Puluhan anak dan balita diduga keracunan massal setelah mengonsumsi bubur pemberian makanan tambahan atau PMT cegah stunting Dinas Pengendalian Penduduk dan Keluarga Berencana Majene Sulawesi Barat. 6/5/2024 kompas tv https://t.co/Divu6tYzms","1788199371844284786","https://pbs.twimg.com/ext_tw_video_thumb/1788199298620133376/pu/img/snpZeT-ImOZpisj5.jpg","","in","","0","0","0","https://x.com/Ilhamtob/status/1788199371844284786","1688573026957443072","Ilhamtob"
"1731919661476835391","Tue Dec 05 06:13:19 +0000 2023","32","PMT (pemberian makanan tambahan) ibu hamil itu dalam bentuk biskuit padat kalori (1 keping 100 kkal) Kenapa biskuit? Karena mudah disimpan dan tahan lama Kalo susu selain anggaran buat beli susunya disiapkan harus mikirin juga chain of supply-nya","1731919661476835391","","","in","","0","2","6","https://x.com/ardi_tama1/status/1731919661476835391","382641814","ardi_tama1"
"1772253400606105952","Mon Mar 25 13:25:12 +0000 2024","23","Rembug Stunting Bupati Hanindhito Imbau Camat Dan Kades Pastikan Pemberian Makanan Tambahan Dikonsumsi Anak. Bupati Hanindhito Inginkan Camat dan Kepala Desa untuk Mengetahui Kondisi Riil dan Jumlah anak Stunting di masing-masing wilayah. Dengan itu pendekatan dan intervensi https://t.co/wzSFb64o9z","1772253400606105952","https://pbs.twimg.com/media/GJhEcJSaEAATVg5.jpg","","in","Indonesia","0","1","4","https://x.com/PDI_Perjuangan/status/1772253400606105952","153407983","PDI_Perjuangan"
"852464306436231169","Thu Apr 13 10:11:43 +0000 2017","16","Selain KIP Presiden jg bagikan Kartu Indonesia Sehat (KIS) Progrm Keluarga Harapan (PKH) &amp; Pemberian Makanan Tambahan (PMT) kpd 1.932 warga https://t.co/XLlVFXY8By","852464306436231169","https://pbs.twimg.com/media/C9SPwO2V0AA-Ncv.jpg","","in","Jakarta","0","2","2","https://x.com/Kemdikbud_RI/status/852464306436231169","631701837","Kemdikbud_RI"
"1767398466437997053","Tue Mar 12 03:53:25 +0000 2024","0","Cegah Stunting Pemkot Bersama TP-PKK Kota Ambon Luncurkan Pemberian Makanan Tambahan https://t.co/dqYku2j56J https://t.co/qh7K8Jx1AN","1767398466437997053","https://pbs.twimg.com/media/GIcPgBJbEAASMio.jpg","","in","da Silva ","0","0","0","https://x.com/arikamedia/status/1767398466437997053","1537759094081466369","arikamedia"
"1788061323571683655","Wed May 08 04:20:14 +0000 2024","11","Puluhan balita di Majene Sulawesi Barat mengalami keracunan setelah mengonsumsi paket Pemberian Makanan Tambahan (PMT) untuk mencegah stunting. Menuju Indonesia Cemas! #GANTARI #MilitanNKRI https://t.co/96nszYkjWw","1788061323571683655","https://pbs.twimg.com/ext_tw_video_thumb/1788061267183509504/pu/img/-gpRlO53H-VJd0V9.jpg","","in","","0","3","5","https://x.com/__whiteenle/status/1788061323571683655","1589177863361548290","__whiteenle"
"1789845963009298583","Mon May 13 02:31:45 +0000 2024","1","udh tahun ke 3 ngurusin PMT Lokal senggol pak @prabowo makan siang gratisnya mending dibikin pemberian makanan tambahan lokal aja pak karna sasaran nya fokus ke 1000HPK (Ibu hamil dan wasting) jd bisa menekan pertumbuhan stunting baru. (sy boleh direkrut jd tim klo butuh) https://t.co/v4uPP7YkOf","1789845963009298583","https://pbs.twimg.com/media/GNbPaXgaoAAm0ag.jpg","","in","tidal's","0","1","0","https://x.com/rayaqan/status/1789845963009298583","1491945862557155329","rayaqan"
"1771897297611473167","Sun Mar 24 13:50:10 +0000 2024","0","Tim Penggerak PKK Kabupaten Sumedang bersama Dinas Kesehatan telah melaksanakan MoU Penandatanganan Kontrak Pemberian Makanan Tambahan di Gedung Negara Jumat 22 Maret 2024. . Kegiatan ini merupakan program intervensi bagi balita yang menderita kurang gizi. . https://t.co/SA9JpbXet0","1771897297611473167","https://pbs.twimg.com/ext_tw_video_thumb/1771896455017705472/pu/img/mhN9v09HRTu6qaUi.jpg","","in","Sumedang Utara, Indonesia","0","0","0","https://x.com/humas_smd/status/1771897297611473167","1108283556441157633","humas_smd"
"1762687893724926409","Wed Feb 28 03:55:17 +0000 2024","0","Anggota Polres Timor Tengah Utara menggelar kegiatan Pemberian Makanan Tambahan (PMT) bagi sejumlah anak-anak pada Taman Kanak-Kanak (TK) Kemala Bhayangkari 03 Kefamenanu. Kegiatan Pemberian Makanan Tambahan dilaksanakan di halaman bermain TK Kemala Bhayangkari 03 Kefamenanu. https://t.co/LtohLeATmO","1762687893724926409","https://pbs.twimg.com/media/GHZTQaSbUAA_7TZ.jpg","","in","","0","0","0","https://x.com/HPolresttu/status/1762687893724926409","1582775347266740229","HPolresttu"
"1698517978097037803","Mon Sep 04 02:06:57 +0000 2023","12","Senin(4/9) Lina Prayanti Luhkan Lombok Utara Mengikuti kegiatan sosialisasi Gemar Makan Ikan melalui Pemberian Makanan Tambahan bagi Anak Sekolah (PMT-AS) 2023 di PAUD Al-makrip Darussalam 1 Desa Rempek #GiatLuhkanSatminkalGONDOL #LomUt #LuhLapor @RISET_GONDOL @puslatluhkp https://t.co/W8rpEhMUi9","1698517978097037803","https://pbs.twimg.com/media/F5JZCg4bcAATRlZ.jpg","","in","","0","0","1","https://x.com/Linaprayanti/status/1698517978097037803","1414926275685220359","Linaprayanti"
"1775805589425447052","Thu Apr 04 08:40:20 +0000 2024","4","Bhabinkamtibmas Kalurahan Sogan Bripka Arif Yulianto bersama Babinsa melaksanakan Pengamanan Penyaluran Pemberian Makanan Tambahan ( PMT) bagi lansia dari Pemerintah Kalurahan Sogan . Kamis (04/04/2024) https://t.co/6WweN2VeYl","1775805589425447052","https://pbs.twimg.com/media/GKTtxQfbcAA4TLK.jpg","","in","","0","0","1","https://x.com/HumasPolsekWat1/status/1775805589425447052","1379994634584125440","HumasPolsekWat1"
"1745731915179753662","Fri Jan 12 08:58:17 +0000 2024","1","Babinsa Koramil 1612-06/Lembor hadiri Rapat Koordinasi dan Pembukaan Pemberian Makanan Tambahan untuk Anak Stunting Hari Kamis 11 Januari 2024 - Serma Burhanudin Babinsa Koramil 1612-06/Lembor menghadiri Rapat Koordinasi dan sekaligus membuka pemberian makanan tambahan. https://t.co/q9hKFH2oKS","1745731915179753662","https://pbs.twimg.com/media/GDoV6snbIAADiiF.jpg","","in","","0","0","0","https://x.com/1612_kodim/status/1745731915179753662","875543762734170113","1612_kodim"
"1794196843704008991","Sat May 25 02:40:36 +0000 2024","0","Kami melaksanakan pemberian makanan tambahan untuk menambah asupan gizi kepada santri-santri kami ---------------------------- #bulukumba #bulukumbainfo #infobulukumba #sulsel #paud #yayasanwahdah #wahdahislamiyah #wahdahbulukumba https://t.co/jYahU2sz4H","1794196843704008991","https://pbs.twimg.com/media/GOZEadpbwAA6xNi.jpg","","in","","0","0","1","https://x.com/YBulukumba/status/1794196843704008991","1742386877146275841","YBulukumba"
"1774725076442808458","Mon Apr 01 09:06:45 +0000 2024","1","DANUREJAN | Bhabinkamatibmas Kelurahan Tegalpanggung Aiptu Dwi Cipto A.N pada pukul 10.00 Wib menghadiri giat Launching Pemberian makanan tambahan untuk Balita dengan masalah Gizi 2024 di Balai Ruang Terbuka Hijau Rw 1 Ledok Tukangan Kelurahan Tegalpanggung Kemantren Danurejan https://t.co/xh2AX0YT3k","1774725076442808458","https://pbs.twimg.com/media/GKEXDTVaEAEEIcI.jpg","","in","Danurejan, Indonesia","0","0","0","https://x.com/polsekdanurejan/status/1774725076442808458","1150952495973191681","polsekdanurejan"
"1759466442045657344","Mon Feb 19 06:34:23 +0000 2024","5","Wates - Bhabinkamtibmas Sogan Bripka Arif Yulianto bertempat di Posyandu Lestari padukuhan Sogan 1 melaksanakan sambang kegiatan penimbangan dan pemberian makanan tambahan kepada Balita di padukuhan Sogan 1. Senin (19/02/2024) https://t.co/5MxqZmRhlo","1759466442045657344","https://pbs.twimg.com/media/GGrhZwZaMAAcAYU.jpg","","in","","0","0","1","https://x.com/HumasPolsekWat1/status/1759466442045657344","1379994634584125440","HumasPolsekWat1"
"1758135906769494060","Thu Feb 15 14:27:19 +0000 2024","2","Boleh bercermin dari penyelenggaraan program pemberian makanan tambahan bagi balita dan ibu hamil bermasalah gizi nya kemenkes yang udah jalan di tahun 2023","1758135906769494060","","","in","meet me behind the mall","1","1","6","https://x.com/Matcchalatte/status/1758135906769494060","465420208","Matcchalatte"
"1691044391216111616","Mon Aug 14 11:09:35 +0000 2023","1","Babinsa Tanjung Selor Hilir Dampingi Berikan Makanan Tambahan Kepada Balita Stunting anggota Koramil 0903-06/Tanjung Selor Babinsa Tanjung Selor Hilir Peltu Habrianto melaksanakan pendampingan Pemberian Makanan Tambahan (PMT) kepada anak Stunting bersama Ketua PKK Kab Bulungan https://t.co/qkMyW4CmXa","1691044391216111616","https://pbs.twimg.com/media/F3fL5tza8AEXR43.jpg","","in","Tanjung Selor Bulungan Kaltara","0","0","0","https://x.com/kodim0903tsr/status/1691044391216111616","991175543826432000","kodim0903tsr"
"1736189471769727359","Sun Dec 17 01:00:01 +0000 2023","0","Pemberian Makanan Tambahan Bagi Batita Stunting dan Berat Badan Rendah di Posyandu Papanggo Jakarta Utara Selengkapnya https://t.co/CMdST5zzoV #PenyaluranInfakID #ProgramPendistribusian #Kesehatan #Infakid #RumahZakatJakarta https://t.co/ZiX2wuNmfx","1736189471769727359","https://pbs.twimg.com/media/GAz4GIJacAAJH9n.jpg","","in","Bandung","0","0","0","https://x.com/id_infak/status/1736189471769727359","1488713116548739073","id_infak"
"1769968163486056933","Tue Mar 19 06:04:29 +0000 2024","7","Serka Lukman seorang Babinsa dari Koramil 1406-08/Sabbangparu Kabupaten Wajo turut serta dalam kegiatan pendampingan pemberian makanan tambahan dan susu sehat kepada ibu hamil di Dusun Masappa Desa Bentenglompoe Kecamatan Sabbangparu pada hari Selasa tanggal 19 Maret 2024. https://t.co/DelXmeLE3R","1769968163486056933","https://pbs.twimg.com/media/GJAwqJSbsAA399D.jpg","","in","","0","0","0","https://x.com/WajoKodim/status/1769968163486056933","1343440319606472706","WajoKodim"
"1760223253245931875","Wed Feb 21 08:41:41 +0000 2024","0","Kami mendukung program PASTI (Percepatan Penurunan Angka Stunting Indonesia) pemerintah untuk menurunkan angka stunting melalui Pemberian Makanan Tambahan (PMT) Pemulihan. https://t.co/oGXSu7Klu9","1760223253245931875","https://pbs.twimg.com/media/GG2RiWHagAAdP7C.jpg","","in","Indonesia","0","1","0","https://x.com/AmmanMineral/status/1760223253245931875","204232767","AmmanMineral"
"1757237124309618864","Tue Feb 13 02:55:52 +0000 2024","13","Menu Pencegah Stunting dlm program Pemberian Makanan Tambahan (PMT) di kota Depok manjadi sorotan. Ko Teganya untuk mengatasi GIZI buruk masih juga dikorupsi https://t.co/qDCdg3rzC8","1757237124309618864","https://pbs.twimg.com/ext_tw_video_thumb/1757237085252341760/pu/img/uzKg9yNEzdH9NEsO.jpg","","in","","0","2","1","https://x.com/04_zainal/status/1757237124309618864","802412891961888768","04_zainal"
"1790761309493178449","Wed May 15 15:09:01 +0000 2024","0","Jajaran Kelurahan Pulau Panggang Kepulauan Seribu Utara bersama dengan Tim Dashat terus menggencarkan Pemberian Makanan Tambahan (PMT) bagi balita yang terindikasi stunting di Pulau Panggang. #kepulauanseribu #dkijakarta #SuksesJakartauntukIndonesia https://t.co/t6kdgZp00Z https://t.co/UKe7lqi75V","1790761309493178449","https://pbs.twimg.com/media/GNoP6rcbIAEizWd.jpg","","in","Pulau Pramuka, Kel. P.Panggang","0","0","1","https://x.com/KabupatenP1000/status/1790761309493178449","2858134068","KabupatenP1000"
"1777544750436077794","Tue Apr 09 03:51:08 +0000 2024","1","PEMBERIAN MAKANAN TAMBAHAN BAGI WARGA BINAAN LAPAS NARKOTIKA BANGLI SELAMA BULAN PUASA . Selengkapnya : https://t.co/5QVFT4eL5x https://t.co/fWv2P9wKZ8","1777544750436077794","https://pbs.twimg.com/media/GKsbhuzaoAE9B4y.jpg","","in","Susut, Bangli","0","0","0","https://x.com/LapastikBangli/status/1777544750436077794","854135150300381184","LapastikBangli"
"1785227485397074016","Tue Apr 30 08:39:35 +0000 2024","20","Babinsa Koramil Walakaka Melaksanakan Pemberian Makanan Tambahan di SD Inpres Watuliti #TNIPRIMA #Profesional #Responsif #Integratif #Modern #Adaptif #PrajaRaksakaPeduliRakyat #TNIADMengabdidanMembangunbersamaRakyat https://t.co/XmYaPCw8ls","1785227485397074016","https://pbs.twimg.com/media/GMZm7qWbwAAw9zC.jpg","","in","","0","1","0","https://x.com/Kodam9Udayana/status/1785227485397074016","864376612782919680","Kodam9Udayana"
"1724801502911623343","Wed Nov 15 14:48:18 +0000 2023","0","DPRD Kota Depok menyoroti program Pemberian Makanan Tambahan (PMT) sebesar Rp4 4 Miliar. Program PMT dinilai tidak layak untuk pencegahan stunting dan ibu hamil hanya berupa kuah sup yang diberikan di wilayah Kecamatan Tapos. #IDNTimesNews https://t.co/0FJmcWyxa0 https://t.co/HYqT7ygsxN","1724801502911623343","https://pbs.twimg.com/media/F--501IaIAAThsZ.jpg","","in","","1","2","1","https://x.com/IDNTimes/status/1724801502911623343","388190238","IDNTimes"
"1715583950272512439","Sat Oct 21 04:21:02 +0000 2023","0","PT DAHANA kembali turun tangan dalam pengentasan stunting yang telah menjadi perhatian khusus dari pemerintah. Aksi DAHANA dilakukan dalam bentuk penyuluhan stunting dan pemberian makanan tambahan kepada masyarakat Subang di sekitar perusahaan pada hari Selasa 17 Oktober 2023. https://t.co/t6RRbMmhd1","1715583950272512439","https://pbs.twimg.com/media/F876UEGbIAAqfK0.jpg","","in","Jakarta","0","1","0","https://x.com/ptdahana/status/1715583950272512439","243933283","ptdahana"
"1758410908286759037","Fri Feb 16 08:40:04 +0000 2024","0","Kegiatan Pemberian Makanan Tambahan kepada Warga Binaan Kategori Lansia di bertempat di Klinik Pratama Lapas Piru. https://t.co/ewG3cTW0dq","1758410908286759037","https://pbs.twimg.com/media/GGchZDVaAAAaLwI.jpg","","in","Ambon, Maluku","0","0","0","https://x.com/kumham_maluku/status/1758410908286759037","2911520676","kumham_maluku"
"1791627660478820620","Sat May 18 00:31:35 +0000 2024","0","Pemberian makanan tambahan untuk anak berstatus stunting ini bekerja sama dengan kader Posyandu Tunas Muda IV Kampung Bondol ... https://t.co/aanu23cSze","1791627660478820620","","","in","INDONESIA","0","0","0","https://x.com/antmegapolitan/status/1791627660478820620","3177962862","antmegapolitan"
"1751179930044715431","Sat Jan 27 09:46:45 +0000 2024","1","Hari Gizi Nasional Dinkes Bagikan Makanan Pendamping ASI kepada Balita Dinas Kesehatan Kabupaten Tangerang melakukan Pemberian Makanan Tambahan (PMT) berupa Makanan Pendamping Air Susu Ibu (MPASI) kepada balita di Posyandu Wortel Puri Permai Desa Pete Kecamatan Tigaraksa. https://t.co/ggCB3ehBID","1751179930044715431","https://pbs.twimg.com/media/GE1w3JebIAExqos.jpg","","in","Tangerang, Banten","0","1","0","https://x.com/PemKabTangerang/status/1751179930044715431","2480614310","PemKabTangerang"
"1783685635804705090","Fri Apr 26 02:32:49 +0000 2024","1","Kelurahan Sumur Batu menggelar pemberian makanan tambahan (PMT) bergizi bantuan dari PT Angkasa Pura 1 kepada 8 balita untuk mencegah bertambahnya kasus stunting di wilayah kantor kelurahan setempat Kamis (25/4) kemarin. https://t.co/WhpJHwQnzk","1783685635804705090","https://pbs.twimg.com/media/GMDsoQEaYAAs7gz.jpg","","in","DKI Jakarta, Indonesia","0","0","0","https://x.com/kotajakpus/status/1783685635804705090","3079723462","kotajakpus"
"1780501937710039132","Wed Apr 17 07:41:56 +0000 2024","3","Jajaran puskesmas dan Kelurahan Kelurahan Kartini berkolaborasi dengan Gereja Kristen Jakarta (GKJ) melakukan intervensi pemberian makanan tambahan (PMT) terhadap 20 balita. https://t.co/cwuE4pnjN3","1780501937710039132","https://pbs.twimg.com/media/GLWdEn3a0AAm9Ur.jpg","","in","DKI Jakarta, Indonesia","0","2","0","https://x.com/kotajakpus/status/1780501937710039132","3079723462","kotajakpus"
"1742754839724204267","Thu Jan 04 03:48:27 +0000 2024","2","Babinsa Koramil 1426-01/Polut Kodim 1426/Takalar Desa Pasang Barat Koptu Muh. Bakri melaksanakan pendampingan pemberian makanan tambahan bagi anak Stunting Dapur Sehat Atasi Stunting (Dashat) di Desa Lassang Barat Kec. Polut Kab. Takalar. Kamis 4/1/2024. https://t.co/l0Pw0gQ4j2","1742754839724204267","https://pbs.twimg.com/media/GC-CRYAbUAAS4K9.jpg","","in","","0","0","0","https://x.com/takalar_kodim/status/1742754839724204267","1027033354464518144","takalar_kodim"
"1734542313580589397","Tue Dec 12 11:54:48 +0000 2023","0","Pemkot Jakarta Barat bersama Srikandi Movement PLN Peduli Gizi Anak Jakarta membantu pemerintah daerah menurunkan kasus stunting dengan Pemberian Makanan Tambahan (PMT) sebanyak 500 paket di RPTRA Jeruk Manis Kelurahan Kebon Jeruk Jakarta Barat Selasa (12/12). #PemkotJB https://t.co/baetaB1OOl","1734542313580589397","https://pbs.twimg.com/media/GBJVCWmb0AAcwUf.jpg","","in","Blok A Lantai 9, Walikota JB","0","0","0","https://x.com/kotajakbar/status/1734542313580589397","587872495","kotajakbar"
"1726947401959870934","Tue Nov 21 12:55:20 +0000 2023","0","Jajaran aparatur kecamatan Taman Sari menyalurkan Pemberian Makanan Tambahan (PMT) pada 25 anak yang terdeteksi stunting pada program Bersama Atasi Stunting (BERAKSI) di halaman kantor kelurahan Taman Sari Jakarta Barat Selasa (21/11). #PemkotJB https://t.co/Hn47TozU9K","1726947401959870934","https://pbs.twimg.com/media/F_dZgRga4AAT3pL.jpg","","in","Blok A Lantai 9, Walikota JB","0","0","0","https://x.com/kotajakbar/status/1726947401959870934","587872495","kotajakbar"
"1725846796747067776","Sat Nov 18 12:01:55 +0000 2023","0","Belum lama ini ramai menjadi perbincangan hangat salah satunya di media sosial mengenai stoples yang menjadi wadah menu Pemberian Makanan Tambahan (PMT) terdapat stiker foto Walikota Depok. Lebih tepatnya pada tutup wadah tersebut terdapat stiker Wali Kota Depok Mohammad Idris https://t.co/GE6e4VO7TW","1725846796747067776","https://pbs.twimg.com/media/F_NwemraIAABycA.jpg","","in","","0","0","0","https://x.com/inilahdotcom/status/1725846796747067776","46693036","inilahdotcom"
"1743200422054244503","Fri Jan 05 09:19:02 +0000 2024","1","Tim Penggerak Pemberdaya Kesejahteraan Keluarga (TP PKK) Kelurahan Mangga Dua Selatan mengadakan pemberian makanan tambahan (PMT) bagi 17 anak di RPTRA Madusela Jalan Mangga Besar XIII No.11A RT 002/003 Kecamatan Sawah Besar Jakarta Pusat Jumat (5/1). https://t.co/Jx1LVDreZV","1743200422054244503","https://pbs.twimg.com/media/GDEXin6b0AETuAf.jpg","","in","DKI Jakarta, Indonesia","0","1","0","https://x.com/kotajakpus/status/1743200422054244503","3079723462","kotajakpus"
"1752572393753841671","Wed Jan 31 05:59:54 +0000 2024","0","Yogyakarta - Danramil 10/Wirobrajan Kapten Kav Rusdin menghadiri Pemberian Makanan Tambahan (PMT) dan Corporate Social Responbility (CSR) bagi anak-anak dan balita dalam penekanan angka Stunting di Gedung Serbaguna Kelurahan Wirobrajan Selasa (30/01/2024) https://t.co/7a8HAOjO5F","1752572393753841671","https://pbs.twimg.com/media/GFJjRVfaAAAhY1G.jpg","","in","Jl. Reksobayan No.4 Yogyakarta","0","0","0","https://x.com/Korem072Pmk/status/1752572393753841671","3119462413","Korem072Pmk"
"1752949276727275781","Thu Feb 01 06:57:30 +0000 2024","0","Lapas Narkotika Kelas IIB Banyuasin melaksanakan kegiatan pengukuran status gizi dan pemberian makanan tambahan bagi WBP Selengkapnya ; https://t.co/1Ae4oCu0v3 https://t.co/UplVtTUgKI","1752949276727275781","https://pbs.twimg.com/media/GFO6E9LaIAAPfoM.jpg","","in","Banyuasin III, Indonesia","0","0","1","https://x.com/lpnbanyuasin/status/1752949276727275781","258237190","lpnbanyuasin"
"1751189093395108294","Sat Jan 27 10:23:10 +0000 2024","0","Babinsa Kel Tolo Utara Dampingi Mahasiswa KKN Megaresky Makassar Dalam Rangka Pemberian Makanan Tambahan (PMT) Ke Anak Stunting di Wilayah Binaan https://t.co/fXFWbL3DEb","1751189093395108294","https://pbs.twimg.com/media/GE15MSSbAAAp9Fm.png","","in","","0","0","0","https://x.com/kodim_jeneponto/status/1751189093395108294","704182052569022464","kodim_jeneponto"
"1741043621355454767","Sat Dec 30 10:28:41 +0000 2023","0","Babinsa Koramil 1425-05/Batang Sertu Syamsuddin melaksanakan pendampingan pemberian makanan tambahan terhadap ibu hamil dan anak Stunting di dikantor Desa Tino Tarowang Kab. Jeneponto Sabtu 30/12/23. https://t.co/BmKXiV7KLf","1741043621355454767","https://pbs.twimg.com/media/GClt8YAaEAAhFQ4.jpg","","in","","0","0","0","https://x.com/kodim_jeneponto/status/1741043621355454767","704182052569022464","kodim_jeneponto"
"1744659275841204628","Tue Jan 09 09:56:00 +0000 2024","1","Puskesmas Kelapa Dua Kecamatan Kelapa Dua bekerja sama dengan organisasi profesi kesehatan memberikan bantuan Pemberian Makanan Tambahan (PMT) kepada sejumlah Ibu Hamil Kurang Energi Kronis (KEK) Selasa (09/01/24). https://t.co/AVuUfdATGF","1744659275841204628","https://pbs.twimg.com/media/GDZGXIOasAAalvZ.jpg","","in","Tangerang, Banten","0","1","0","https://x.com/PemKabTangerang/status/1744659275841204628","2480614310","PemKabTangerang"
"1729340929969152481","Tue Nov 28 03:26:21 +0000 2023","3","Pemberian makanan tambahan (PMT) untuk anak stunting di Kota Depok Jawa Barat tuai polemik. Makanan yang diberikan untuk penanganan stunting dinilai tak sesuai standar gizi untuk anak stunting. Padahal anggaran Rp 4 9 M telah digelontorkan dalam program PMT itu. #BerkasKompas","1729340929969152481","","","in","Indonesia","2","3","4","https://x.com/KompasTV/status/1729340929969152481","71436318","KompasTV"
"1745717287624310928","Fri Jan 12 08:00:09 +0000 2024","0","Tiga balita di Pulau Sabira Kelurahan Pulau Harapan Kecamatan Kepulauan Seribu Utara menerima bantuan Pemberian Makanan Tambahan (PMT) bergizi. #kepulauanseribu #pulauseribu #dkijakarta #SuksesJakartauntukIndonesia https://t.co/VUcnk3bKMQ https://t.co/054dBUE0Km","1745717287624310928","https://pbs.twimg.com/media/GDoInSdaQAAORWg.jpg","","in","Pulau Pramuka, Kel. P.Panggang","0","0","0","https://x.com/KabupatenP1000/status/1745717287624310928","2858134068","KabupatenP1000"
"1704372626519674900","Wed Sep 20 05:51:14 +0000 2023","4","Kegiatan Pokbang Posyandu Mawar 03 RW 03 Kelurahan Cigending. Manfaat pokbang posyandu ialah memberikan layanan kesehatan anak imunisasi pemberian makanan tambahan dan penyuluhan tentang kesehatan. @emadisyanjak @AbriwansyahF @surjana324 @halo_bandung @HumasKominfoBdg https://t.co/89MnfBA1gx","1704372626519674900","https://pbs.twimg.com/media/F6clzqLbMAAkiIN.jpg","","in","Jl. Alun-alun Utara No 211 ","0","0","0","https://x.com/Ujungberung_Kec/status/1704372626519674900","1910118559","Ujungberung_Kec"
"1744328852204372174","Mon Jan 08 12:03:01 +0000 2024","0","Program Pemberian Makanan Tambahan (PMT) merupakan program intervensi untuk anak-anak yang kurang gizi di mana saja untuk meningkatkan status gizi anak serta untuk mencukupi kebutuhan gizi anak agar tercapainya status gizi dan gizi yang sesuai dengan anak-anak tersebut. https://t.co/Z7X6VSt2JJ","1744328852204372174","https://pbs.twimg.com/media/GDUZ1oGbUAAFgoD.jpg","","in","Bogor, Jawa Barat","0","0","0","https://x.com/kec_bogorutara/status/1744328852204372174","2481397968","kec_bogorutara"
"1774420020057247848","Sun Mar 31 12:54:34 +0000 2024","0","Tekan Angka Stunting Kelurahan di Jogja Ini Gencarkan Pemberian Makanan Tambahan https://t.co/xfyxdN4fa1 #beritajogja #jogja #jogjaistimewa https://t.co/IWtH6ddiz8","1774420020057247848","https://pbs.twimg.com/media/GKABmwLawAApavU.jpg","","in","Yogyakarta, Indonesia","0","0","0","https://x.com/Harian_Jogja/status/1774420020057247848","118371948","Harian_Jogja"
"1774323775221481649","Sun Mar 31 06:32:08 +0000 2024","0","20 Anak Berisiko Stunting Kelurahan Kricak Gencarkan Pemberian Makanan Tambahan https://t.co/UA9G7bjxTU #beritajogja #jogja #jogjaistimewa https://t.co/xgWjz3qX6O","1774323775221481649","https://pbs.twimg.com/media/GJ-qEipbwAA6wrF.jpg","","in","Yogyakarta, Indonesia","0","0","0","https://x.com/Harian_Jogja/status/1774323775221481649","118371948","Harian_Jogja"
"1725064913637327332","Thu Nov 16 08:15:00 +0000 2023","0","Menu pencegah stunting dalam program Pemberian Makanan Tambahan (PMT) di Kota Depok tengah menjadi sorotan. Pasalnya menu PMT yang hanya berisi nasi kuah sup sawi dan tahu tersebut telah menelan anggaran sekitar Rp4 4 miliar. #SmartNews @kompascom https://t.co/E8CPzOCP4B","1725064913637327332","https://pbs.twimg.com/media/F_CG1tkbQAAeKlh.jpg","","in","Jl. Kebahagiaan No.4-14Jakarta","0","0","0","https://x.com/RadioSmartFM/status/1725064913637327332","177084452","RadioSmartFM"
"1792456763981332505","Mon May 20 07:26:09 +0000 2024","0","Pada hari ini Senin 20 mei 2024 Kapolsek Batunadua AKP ANDI GUSTAWI Menghadiri undangan Rapat Sosialisasi pelatihan tim pelaksana dalam penyiapan pemberian makanan tambahan (PMT) Berbasis pangan lokal bagi ibuk hamil dan Balita gizi kurang di aula kantor camat Batunadua https://t.co/Dpm5x8sksS","1792456763981332505","https://pbs.twimg.com/media/GOAV7YFbAAEaYCr.jpg","","in","","0","0","0","https://x.com/polressidimpuan/status/1792456763981332505","1586346668790009857","polressidimpuan"
"1760838103923876268","Fri Feb 23 01:24:53 +0000 2024","0","Persoalan stunting tidak bisa diselesaikan hanya dengan pemberian makanan tambahan (PMT). Banyak hal harus dibenahi mulai dari mengedukasi masyarakat mengenai gizi perilaku hidup bersih dan sehat hingga pemenuhan sarana prasarana. - Ketua PPKMI Anung Sugihantono - https://t.co/KCWedrwdFQ","1760838103923876268","https://pbs.twimg.com/media/GG_A7JhaMAA0YHJ.jpg","","in","Jl. Menteri Supeno I Nomor 2","0","1","0","https://x.com/kominfo_jtg/status/1760838103923876268","819065767463292928","kominfo_jtg"
"1715304957631721839","Fri Oct 20 09:52:25 +0000 2023","0","Hi #SobatJaktim Walikota Administrasi Jakarta Timur M. Anwar memberikan langsung Pemberian Makanan Tambahan (PMT) untuk anak terindikasi stunting di Jalan Kesatria X Kelurahan Kebon Manggis Kecamatan Matraman Jakarta Timur Jumat (20/10/2023). https://t.co/CxRHNIR6To https://t.co/AZiiQfUHGf","1715304957631721839","https://pbs.twimg.com/media/F838xAOboAArqmL.jpg","","in","Jalan Dr. Sumarno, Pulogebang","0","0","0","https://x.com/kotajaktim/status/1715304957631721839","3273958142","kotajaktim"
"1754073979592245416","Sun Feb 04 09:26:40 +0000 2024","1","Pemberian Makanan Tambahan Dilakukan Satgas Yonif 310/KK Sebagai Upaya Pencegahan Stunting https://t.co/CON2HQucmO https://t.co/XhxVmbusYR","1754073979592245416","https://pbs.twimg.com/media/GFe4-RWasAAtxv9.jpg","","in","Jayapura, Papua, Indonesia","0","0","1","https://x.com/Kodam17Cen/status/1754073979592245416","2187621240","Kodam17Cen"
"1114012921959342081","Fri Apr 05 03:52:32 +0000 2019","5","Anies Baswedan datang ke SD di Kali Angke dan melihat pemberian makanan tambahan. https://t.co/WqJ146SzNo","1114012921959342081","","","in","","2","0","3","https://x.com/kumparan/status/1114012921959342081","759692754985242625","kumparan"
"1749741450911445223","Tue Jan 23 10:30:45 +0000 2024","0","Dinkes PPKB melalui Suparno https://t.co/sHamMgDQ4h. M.M dan Teguh Imanto S.Gz menjadi Narasumber pada Sosialisasi terkait Pemberian Makanan Tambahan Anak Sekolah (PMTAS) jenjang PAUD di Ruang Podcast Dinas Dikpora Kab. Kebumen (23/01/2024). https://t.co/Y12hVJUKem","1749741450911445223","https://pbs.twimg.com/media/GEhUkXKaMAAdLgo.jpg","","in","Jl. HM Sarbini No. 89 Kebumen","0","0","0","https://x.com/dinkesppkb_kbm/status/1749741450911445223","2870077644","dinkesppkb_kbm"
"1771181331868717410","Fri Mar 22 14:25:11 +0000 2024","0","Serda Cahyo EP. Babinsa Koramil 0808/08 Udanawu : Pemberian Makanan Tambahan Upaya Cegah Stunting https://t.co/v07EbFsoR0","1771181331868717410","","","in","","0","0","0","https://x.com/radarnkri306/status/1771181331868717410","1698297307744333824","radarnkri306"
"1771181587540906349","Fri Mar 22 14:26:12 +0000 2024","0","Serda Cahyo EP. Babinsa Koramil 0808/08 Udanawu : Pemberian Makanan Tambahan Upaya Cegah Stunting https://t.co/3msgl3nBUR","1771181587540906349","","","in","Tuban, Jawatimur, Indonesia","0","0","0","https://x.com/Patrolihukum301/status/1771181587540906349","1605445136107728896","Patrolihukum301"
"1771157940109451411","Fri Mar 22 12:52:14 +0000 2024","0","Serda Cahyo EP. Babinsa Koramil 0808/08 Udanawu : Pemberian Makanan Tambahan Upaya Cegah Stunting https://t.co/SoWNPmii7h","1771157940109451411","","","in","Plumpang, Tuban, Jawa Timur","0","0","0","https://x.com/Investigasi888/status/1771157940109451411","1693362040281427968","Investigasi888"
"1717366948638703905","Thu Oct 26 02:26:02 +0000 2023","0","Kunjungan Lapangan dalam rangka Pemantauan Pemberian Makanan Tambahan (PMT) Lokal 90 hari bagi Balita Stunting dan Wasting di Desa Adikarto Kec. Adimulyo. Rabu (25/10/23) https://t.co/VvHXaPgWDW","1717366948638703905","https://pbs.twimg.com/media/F9VQH-OaMAAp1T1.jpg","","in","Jl. HM Sarbini No. 89 Kebumen","0","0","0","https://x.com/dinkesppkb_kbm/status/1717366948638703905","2870077644","dinkesppkb_kbm"
"1732672630724178260","Thu Dec 07 08:05:21 +0000 2023","0","Pemeriksaan kesehatan dan pemberian makanan tambahan kepada WBP Lansia #kemenkumhamri #kemenkumhamjatim #jatimpastihebat #rutangresik https://t.co/oaORN2mD97","1732672630724178260","https://pbs.twimg.com/media/GAuwfDDa8AALc0I.jpg","","in","Jl. Raya Banjarsari Gresik","0","1","0","https://x.com/rutangresik/status/1732672630724178260","2385746797","rutangresik"
"1779676013699465648","Mon Apr 15 01:00:01 +0000 2024","6","PT. Pelindo bersama Rumah Zakat Menggelar Pemberian Makanan Tambahan (PMT) Tinggi Protein bagi Balita Stunting https://t.co/z4gL1qwr6e #ManfaatHebat #RumahZakat #Pemberdayaa https://t.co/WXxDrDQp5C","1779676013699465648","https://pbs.twimg.com/media/GKuXVp5awAAPBkc.jpg","","in","Bandung - Indonesia","0","0","1","https://x.com/rumahzakat/status/1779676013699465648","109865696","rumahzakat"
"1727666956533432526","Thu Nov 23 12:34:35 +0000 2023","2","LAPAS KAYU AGUNG PEDULI KESEHATAN WBP LANSIA DENGAN PEMBERIAN LAYANAN MAKANAN TAMBAHAN DAN PEMERIKSAAN KESEHATAN Selengkapnya : https://t.co/09tGbkTSGZ @kemenkumhamri @ditjenpas @Kumhamsumsel @humaslapaskayuagung #KumhamPasti #Kumhamsumsel #HumasLapaska https://t.co/t7nqD4CQj4","1727666956533432526","https://pbs.twimg.com/media/F_nn5Xaa4AAF_xI.jpg","","in","Kayu Agung","0","0","0","https://x.com/lapaskayuagung/status/1727666956533432526","1892330527","lapaskayuagung"
"1726544853981417488","Mon Nov 20 10:15:45 +0000 2023","0","F seorang warga Kecamatan Beji Depok yang menerima Pemberian Makanan Tambahan (PMT) mengatakan istrinya mencoba makanan tersebut dan rasanya tidak hambar. #focus #stuntingdepok #news #videonews https://t.co/obgFW5Ge7e https://t.co/2JTEQ9PUJu","1726544853981417488","https://pbs.twimg.com/ext_tw_video_thumb/1726544680479760384/pu/img/HPh7p_u1Wp6uPZM9.jpg","","in","","0","0","0","https://x.com/kumparan/status/1726544853981417488","759692754985242625","kumparan"
"1717370241590931743","Thu Oct 26 02:39:07 +0000 2023","0","Dinkes PPKB Kebumen melalui Subkoord Kesga Gizi Dinkes PPKB mengadakan Kegiatan Launching Pemberian Makanan Tambahan (PMT) Dana Insentif Fiskal (IF) yang dihadiri oleh Ketua TP PKK Kabupaten Ibu Iin Windarti Arif Sugiyanto di Balai Desa Adimulyo Kec. Adimulyo. Rabu (25/10/23) https://t.co/85IG9qibIp","1717370241590931743","https://pbs.twimg.com/media/F9VTILKbcAAIquv.jpg","","in","Jl. HM Sarbini No. 89 Kebumen","0","0","0","https://x.com/dinkesppkb_kbm/status/1717370241590931743","2870077644","dinkesppkb_kbm"
"1793670389136240865","Thu May 23 15:48:40 +0000 2024","0","RSUD Kepulauan Seribu berkomitmen melakukan pencegahan stunting dengan cepat melalui program Gerakan Orang Tua Asuh (Gotas) salah satunya dengan Pemberian Makanan Tambahan (PMT). #kepulauanseribu #pulauseribu #dkijakarta #SuksesJakartauntukIndonesia https://t.co/G8TNIrNRlN https://t.co/7aGcOTWTPv","1793670389136240865","https://pbs.twimg.com/media/GORltnza8AE1b1I.jpg","","in","Pulau Pramuka, Kel. P.Panggang","0","0","0","https://x.com/KabupatenP1000/status/1793670389136240865","2858134068","KabupatenP1000"
"1725370317902844370","Fri Nov 17 04:28:34 +0000 2023","0","Pemkot Lubuklinggau dan TP PKK Gelar Program Pemberian Makanan Tambahan untuk Anak Terdampak Stunting: Pemkot Lubuklinggau bersama tim Penggerak PKK berikan makanan tambhan untuk anak yang terdampak stunting https://t.co/CAJF19fiva","1725370317902844370","","","in","","0","0","0","https://x.com/sumsel24/status/1725370317902844370","1497828801027338240","sumsel24"
"1771181813702042062","Fri Mar 22 14:27:06 +0000 2024","0","Blitar - Sebagai wujud kepedulian terhadap kesehatan anak Serda Cahyo Eko Praptanto Babinsa Koramil 0808/08 Udanawu Kodim 0808/Blitar pagi ini turut serta dalam kegiatan pendampingan pemberian makanan tambahan https://t.co/2xkvhG1YZh","1771181813702042062","","","in","","0","0","0","https://x.com/radarnusantara3/status/1771181813702042062","1697683962322358272","radarnusantara3"
"1771182340594717118","Fri Mar 22 14:29:11 +0000 2024","0","Blitar - Sebagai wujud kepedulian terhadap kesehatan anak Serda Cahyo Eko Praptanto Babinsa Koramil 0808/08 Udanawu Kodim 0808/Blitar pagi ini turut serta dalam kegiatan pendampingan pemberian makanan tambahan kepada Balita sebagai upaya pencegahan https://t.co/YUv93rYwRl","1771182340594717118","","","in","","0","0","0","https://x.com/Investigas88Com/status/1771182340594717118","1745405044361732096","Investigas88Com"
"1731612778019103018","Mon Dec 04 09:53:52 +0000 2023","0","RSJD Dr. Arif Zainudin Surakarta mengadakan Bakti Sosial Jumat (1/12) di Desa Dampingan RSJD dr. Arif Zainudin Surakarta Desa Cemeng Kecamatan Sambungmacan Kabupaten Sragen. Kunjungan diisi dengan Edukasi Penanganan Stunting dan Pemberian Makanan Tambahan. https://t.co/4V9yZBf07W","1731612778019103018","https://pbs.twimg.com/media/GAfso_va8AAAWdk.jpg","","in","Surakarta, Jawa Tengah","0","0","0","https://x.com/RSJD_Surakarta/status/1731612778019103018","2714194369","RSJD_Surakarta"
"1752921865717502078","Thu Feb 01 05:08:35 +0000 2024","0","Lahat - Lembaga Pemasyarakatan Kelas IIA Lahat Kemenkumham Sumsel melaksanakan Kegiatan Pemeriksaan Kesehatan dan Pemberian Makanan Tambahan berupa susu Kepada WBP Lansia di Lapas Kelas IIA Lahat Kamis 01 Februari 2024. @Kemenkumham_RI @kumham_sumsel @Lapas_Lahat https://t.co/bToWygq48j","1752921865717502078","https://pbs.twimg.com/media/GFOhFJPa8AAFyFg.jpg","","in","Lahat","0","1","0","https://x.com/Lapas_Lahat/status/1752921865717502078","2344763486","Lapas_Lahat"
"1717784788562821335","Fri Oct 27 06:06:23 +0000 2023","0","RSJD Dr. Arif Zainudin mengadakan kunjungan di Desa Klokah Kunduran Blora Jumat (27/10) yang diisi kegiatan Penyuluhan Kesehatan Cegah Stunting dengan PHBS Penyuluhan Kesehatan Gerakan Cegah Stunting dengan 1000 HPK Pemberian Makanan Tambahan &amp; Bantuan Usaha Produktif. https://t.co/JvAJY9Bxq7","1717784788562821335","https://pbs.twimg.com/media/F9bMJXDbIAAb70W.jpg","","in","Surakarta, Jawa Tengah","0","0","0","https://x.com/RSJD_Surakarta/status/1717784788562821335","2714194369","RSJD_Surakarta"
"1762315124940107896","Tue Feb 27 03:14:02 +0000 2024","3","Dalam rangka Bulan Pmberian Vitamin A Lajnah Imaillah Karawang turut berperan aktif dalam pemberian makanan tambahan (PMT) ke Posyandu Kemuning. https://t.co/7t2lcVnTs0","1762315124940107896","","","in","Jakarta Pusat, DKI Jakarta","0","0","2","https://x.com/WartaAhmadiyah/status/1762315124940107896","1553040649","WartaAhmadiyah"
"1742385176540586367","Wed Jan 03 03:19:32 +0000 2024","2","Sahabat kali ini diselenggarakan kegiatan pelatihan Pemberian Makanan Tambahan (PMT) yaitu bola bola Ayam Teriyaki isi telur puyuh. Pelatihan ini berlokasi di Posyandu Melati Jalan Masjid RT 2 Ratu Jaya Cipayung Kota Depok. https://t.co/rv5J2bWk0J","1742385176540586367","https://pbs.twimg.com/media/GC4xs_2boAA_p4Z.jpg","","in","Bandung - Indonesia","0","1","1","https://x.com/rumahzakat/status/1742385176540586367","109865696","rumahzakat"
"1196329457247633408","Mon Nov 18 07:29:03 +0000 2019","1","Pemprov DKI menyediakan asupan bergizi untuk anak-anak sekolah lewat Pemberian Makanan Tambahan Anak Sekolah (PMTAS). https://t.co/u1N0Hqm0ng","1196329457247633408","","","in","","0","0","2","https://x.com/kumparan/status/1196329457247633408","759692754985242625","kumparan"
"1728737867911110998","Sun Nov 26 11:30:00 +0000 2023","1","Simak dan tambah pengetahuanmu dalam features MATA INDONESIA Cegah Stunting Melalui Pemberian Makanan Tambahan Disiarkan Senin 27 November 2023 pukul 18.30 WIB di #TVRIJawaTengah bekerjasama dengan @kemenkominfo dan @antaranewscom #Indonesia #dokumenter #stunting #gizianak https://t.co/olK0Pz5NO4","1728737867911110998","https://pbs.twimg.com/ext_tw_video_thumb/1727974909115355136/pu/img/ekhzkgfnZ_PZlTJI.jpg","","in","Pucanggading Raya","0","0","0","https://x.com/tvrijateng/status/1728737867911110998","1085408062545018882","tvrijateng"
"1728034020678926653","Fri Nov 24 12:53:10 +0000 2023","0","Sapieners @PemkotDepok ngeluarin Rp4 miliar buat cegah anak #stunting lewat Pemberian Makanan Tambahan (PMT). Tapi publik protes gegara isi menu gak se-fantastis anggarannya. Anyway gimana sih mutusin rantai siklus KDRT? https://t.co/M0GfUFDY2G #PodcastIndonesia #FomoSapiens https://t.co/30rOkNRK6v","1728034020678926653","https://pbs.twimg.com/media/F_s1x4JbYAAAGTm.jpg","","in","Jakarta, Indonesia","0","0","0","https://x.com/beritaKBR/status/1728034020678926653","124390203","beritaKBR"
"1704029476773126446","Tue Sep 19 07:07:41 +0000 2023","3","#Healthies Pemberian Makanan Tambahan berbahan pangan lokal disertai dg edukasi penyuluhan konseling gizi dan kesehatan merupakan salah satu strategi penanganan masalah gizi pada Balita dan upaya pencegahan #stunting https://t.co/ropTFtqHlb #ayosehat #anaksehat #KemenkesRI https://t.co/7mZJP8rEt6","1704029476773126446","https://pbs.twimg.com/media/F6XtVboa8AAUWwy.jpg","","in","Jakarta Capital Region","0","0","3","https://x.com/AyoSehatKemkes/status/1704029476773126446","187969012","AyoSehatKemkes"
"1774579677459607791","Sun Mar 31 23:28:59 +0000 2024","0","#TODAYSHEADLINE : Tekan Angka Stunting Kelurahan di Jogja Ini Gencarkan Pemberian Makanan Tambahan (Via : https://t.co/lg1IVf1ZKq) #GMY","1774579677459607791","","","in","Jalan Gayam No. 24, Yogyakarta","0","0","0","https://x.com/GeronimoFM/status/1774579677459607791","97152151","GeronimoFM"
"1737698472743334341","Thu Dec 21 04:56:15 +0000 2023","1","Prioritas Kesehatan Lansia: Lapas Muara Enim Gelar Kegiatan Pemberian Makanan Tambahan dan Pemeriksaan Kesehatan @Kemenkumham_RI @kumhamsumsel @LPMuaraEnim @LPMuaraEnim @rbkunwas #KumhamSumsel #Ilhamdjaya #LapasMuaraEnim #Lapas_MuaraEnim https://t.co/S56EdVfhqP","1737698472743334341","https://pbs.twimg.com/media/GB2LetlaAAAbyrO.jpg","","in","","0","1","3","https://x.com/LPMuaraEnim/status/1737698472743334341","3256391390","LPMuaraEnim"
"1734533911911514288","Tue Dec 12 11:21:25 +0000 2023","1","#SalamdariSuprau #SobatBahari Direktur Daniel Heintje Ndahawali selaku Penasehat DWP #PoliteknikKPSorong hadir memberikan support pada kegiatan Dwp #PoliteknikKPSorong dan secara simbolis menyerahkan pemberian makanan tambahan bagi anak² di posyandu. @swtrenggono @inradiarta https://t.co/5UW7w2hGKY","1734533911911514288","https://pbs.twimg.com/media/GBJNY5Va8AAJHVc.jpg","","in","Kota Sorong","0","1","0","https://x.com/BPPSDMPKPSORONG/status/1734533911911514288","866807963498840065","BPPSDMPKPSORONG"
"1789942920113455450","Mon May 13 08:57:02 +0000 2024","0","35 Balita di Kedoya Selatan Dibantu Pemberian Makanan Tambahan Bergizi #BacadiBJ #beritajakarta #dkijakarta #JAKI #WeLoveJakarta https://t.co/Rxlc07OkkE","1789942920113455450","","","in","Balaikota DKI Jakarta","0","0","0","https://x.com/BeritaJakarta/status/1789942920113455450","213204035","BeritaJakarta"
"1790212455387501010","Tue May 14 02:48:04 +0000 2024","0","DPR Soroti Puluhan Balita Keracunan Usia Konsumsi Makanan Pencegah Stunting Sebanyak 42 balita keracunan setelah mendapatkan Pemberian Makanan Tambahan pencegah stunting. https://t.co/j17e25lOxA","1790212455387501010","","","in","Indonesia","0","0","0","https://x.com/indoinsidenews/status/1790212455387501010","1086109802122473472","indoinsidenews"
"1768291176539361529","Thu Mar 14 15:00:44 +0000 2024","0","Penyaluran Pemberian Makanan Tambahan (PMT) untuk cegah stunting #banten #pln #srikandi #stunting https://t.co/DguADu6d9C","1768291176539361529","","","in","Serang, Banten, Indonesia","0","0","1","https://x.com/biemdotco/status/1768291176539361529","77148918","biemdotco"
"1725274311207059525","Thu Nov 16 22:07:04 +0000 2023","2","Kejati Depok Soroti Program Pemberian Makanan Tambahan Cegah Stunting yang Bikin Kesal Susi Pudjiastuti https://t.co/6NFZGlwEvh #TempoMetro","1725274311207059525","","","in","Indonesia","0","1","1","https://x.com/tempodotco/status/1725274311207059525","18129942","tempodotco"
"1768407808234664201","Thu Mar 14 22:44:11 +0000 2024","0","Dalam rapat tersebut kedua belah pihak sepakat membahas persiapan pemberian makanan tambahan berbahan pangan lokal untuk balita dan ibu hamil di tingkat kecamatan Tomo tahun 2024.","1768407808234664201","","","in","Sumedang Utara, Indonesia","0","0","0","https://x.com/humas_smd/status/1768407808234664201","1108283556441157633","humas_smd"
"1748595475186634961","Sat Jan 20 06:37:03 +0000 2024","0","Setelah sempat dihentikan selama pandemi Covid-19 program pemberian makanan tambahan (PMT) di Sekolah Luar Biasa (SLB) di Bali kembali dilaksanakan. https://t.co/bioNVNI0j7","1748595475186634961","","","in","Denpasar, Bali","0","0","0","https://x.com/nusabalicom/status/1748595475186634961","2655442453","nusabalicom"
"1781490758551584825","Sat Apr 20 01:11:09 +0000 2024","0","Bunda PAUD (Pendidikan Anak Usia Dini) Kabupaten Tabanan Ny Rai Wahyuni Sanjaya kembali menyerahkan bantuan berupa PMT (Pemberian Makanan Tambahan) dan APE https://t.co/KOgRCCFUve","1781490758551584825","","","in","Denpasar, Bali","0","0","0","https://x.com/nusabalicom/status/1781490758551584825","2655442453","nusabalicom"
"1782675168206401876","Tue Apr 23 07:37:35 +0000 2024","0","Bunda PAUD Kabupaten Tabanan Ny Rai Wahyuni Sanjaya kembali memberikan bantuan alat permainan edukatif (APE) dan pemberian makanan tambahan (PMT) di TK Negeri Selemadeg Barat Senin (22/4) https://t.co/SO8ywYajU8","1782675168206401876","","","in","Denpasar, Bali","0","0","0","https://x.com/nusabalicom/status/1782675168206401876","2655442453","nusabalicom"
"1730485536140488953","Fri Dec 01 07:14:37 +0000 2023","0","GEBRAK MISTING (Gerakan Bersama Kader Menuntaskan Angka Stunting) Bersama TP.PKK Kelurahan Manjahlega kegiatan ini dalam rangka pemberian makanan tambahan bagi keluarga rawan stunting di wilayah Kelurahan Manjahlega @rancasari_juara https://t.co/TlmmC2Jnkh","1730485536140488953","","","in","Jl. Santosa Asih 17, Bandung","0","0","0","https://x.com/rancasari_OK/status/1730485536140488953","1902848498","rancasari_OK"
"1790337802674270298","Tue May 14 11:06:09 +0000 2024","0","Belakangan terdapat 42 balita mengalami keracunan di Majene Sulawesi Barat setelah mendapatkan Pemberian Makanan Tambahan (PMT) pencegah stunting. https://t.co/VVOT0dwXGa","1790337802674270298","","","in","","0","0","0","https://x.com/inilahdotcom/status/1790337802674270298","46693036","inilahdotcom"
"1446815622550069252","Sat Oct 09 12:31:39 +0000 2021","0","Dengan rutin melaksanakan Pemberian Makanan Tambahan (PMT) kondisi anak stunting dan gizi buruk mengalami perubahan yang signifikan setiap bulannya. #publisherstory https://t.co/ZLYaAyhraL","1446815622550069252","","","in","","0","0","1","https://x.com/kumparan/status/1446815622550069252","759692754985242625","kumparan"
"1745606622192504987","Fri Jan 12 00:40:25 +0000 2024","0","Sebagai upaya pencegahan stunting sejak dini dari dalam kandungan Pemerintah Kota (Pemkot) Tangerang melalui Dinas Kesehatan (Dinkes) bekerja sama dengan Badan Amil Zakat Nasional (Baznas) Kota Tangerang memberikan bantuan untuk ibu hamil berupa Pemberian Makanan Tambahan (PMT)","1745606622192504987","","","in","","0","1","0","https://x.com/Kota_Tangerang/status/1745606622192504987","484490033","Kota_Tangerang"
"1731545262236344769","Mon Dec 04 05:25:35 +0000 2023","0","Selama program pemberian makanan tambahan (PMT) berlangsung peserta akan diberi makanan tambahan dan edukasi mengenai menu gizi seimbang. https://t.co/2sjATAekRh","1731545262236344769","","","in","Jakarta","0","0","0","https://x.com/kompascom/status/1731545262236344769","23343960","kompascom"
"1727711887000059929","Thu Nov 23 15:33:07 +0000 2023","3","Lurah Bungur A Z Rachman menceritakan asal usul program pemberian makanan tambahan (PMT) bernama Power of Rp 2.000-stunting (PODs). https://t.co/M0gONIYjnF","1727711887000059929","","","in","Jakarta","0","0","0","https://x.com/kompascom/status/1727711887000059929","23343960","kompascom"
"1727710618386571447","Thu Nov 23 15:28:05 +0000 2023","2","Lurah Bungur mengeklaim program pemberian makanan tambahan bagi anak stunting telah meningkatkan pertumbuhan 80 persen anak-anak di wilayahnya. https://t.co/sxiY5pgvgN","1727710618386571447","","","in","Jakarta","0","0","0","https://x.com/kompascom/status/1727710618386571447","23343960","kompascom"
"1760226274637922810","Wed Feb 21 08:53:41 +0000 2024","2","Stunting Tak Bisa Diselesaikan Hanya dengan Pemberian Makanan Tambahan - #JatengGayeng https://t.co/5Y8coZfWco","1760226274637922810","","","in","","0","0","0","https://x.com/provjateng/status/1760226274637922810","839857283400024064","provjateng"
"1752582369008345535","Wed Jan 31 06:39:32 +0000 2024","0","Bank DKI melaksanakan program pencegahan dan penanganan stunting melalui penyuluhan tumbuh kembang anak dan pemberian makanan tambahan bergizi di wilayah Kelurahan Petojo Selatan. #BacadiBJ #BeritaJakarta #DKIJakarta #JAKI #WeLoveJakarta https://t.co/LTqISipnhS","1752582369008345535","","","in","Balaikota DKI Jakarta","0","0","0","https://x.com/BeritaJakarta/status/1752582369008345535","213204035","BeritaJakarta"
"1747885027860656317","Thu Jan 18 07:33:59 +0000 2024","0","Bhabinkamtibmas Kel.Nambo jaya Aipda Agus.stw bersama Tiga Pilar Kel. Nambo Jaya monitoring kegiatan Posyandu cempaka putih dan pemberian makanan tambahan di wilayah Kp Nambo jaya RT.01/01 Kelurahan Nambo jaya Kec.Karawaci Kota Tangerang. https://t.co/sjtsL6HYfs","1747885027860656317","","","in","","0","0","0","https://x.com/polsek_karawaci/status/1747885027860656317","1175971426567720961","polsek_karawaci"
"1702202808853033355","Thu Sep 14 06:09:09 +0000 2023","0","Bhabinkamtibmas Aipda Sigit Sudibyo monitoring kegiatan PMT (Pemberian Makanan Tambahan) bagi warga yang memiliki balita guna mengurangi stunting berlokasi di Halaman Kelurahan Jl. RHM Noeradji RT. 02 RW 02 Sumur pacing Karawaci Kota Tangerang. https://t.co/3wpNfIRon2","1702202808853033355","","","in","","0","0","0","https://x.com/polsek_karawaci/status/1702202808853033355","1175971426567720961","polsek_karawaci"
"1728306307990749353","Sat Nov 25 06:55:08 +0000 2023","0","Kepala Dinas Kesehatan (Dinkes) Kota Depok Mary Liziawati memutuskan untuk menyetop sementara program Pemberian Makanan Tambahan (PMT) lokal dalam ran... https://t.co/oqlKA6yGs3","1728306307990749353","","","in","","0","0","0","https://x.com/inilahdotcom/status/1728306307990749353","46693036","inilahdotcom"
"1730819887868878934","Sat Dec 02 05:23:13 +0000 2023","0","Anggota Komisi IX DPR Rahmad Handoyo menyatakan akan membahas terkait PMT (Pemberian Makanan Tambahan) untuk mengatasi masalah stunting yang belakang... https://t.co/k29DOhysja","1730819887868878934","","","in","","1","0","0","https://x.com/inilahdotcom/status/1730819887868878934","46693036","inilahdotcom"
"1721396460905025540","Mon Nov 06 05:17:52 +0000 2023","0","Insentif Fiskal Rp5 7 Miliar untuk Pemberian Makanan Tambahan Anak di Kabupaten Bekasi https://t.co/DYoKaI16nb","1721396460905025540","","","in","Bekasi, Jawa Barat","0","0","0","https://x.com/radar_bekasi/status/1721396460905025540","1060601367608274944","radar_bekasi"
"1727904668704207284","Fri Nov 24 04:19:10 +0000 2023","1","Pemkot Depok Hentikan Sementara Pemberian Makanan Tambahan usai Tuai Kritik https://t.co/bw4z6w3nsk #TempoMetro","1727904668704207284","","","in","Indonesia","0","1","1","https://x.com/tempodotco/status/1727904668704207284","18129942","tempodotco"
"1725478791047495762","Fri Nov 17 11:39:36 +0000 2023","0","DPRD Depok Cecar Dinas Kesehatan Soal Viral Program Pemberian Makanan Tambahan Lokal https://t.co/Rk88lrXRGk #TempoMetro","1725478791047495762","","","in","Indonesia","0","0","0","https://x.com/tempodotco/status/1725478791047495762","18129942","tempodotco"
"1726857009084113010","Tue Nov 21 06:56:09 +0000 2023","0","Dinkes Depok Klaim 4.230 Balita Sasaran Pemberian Makanan Tambahan Berat Badannya Naik https://t.co/vwMXvKmTEK #TempoMetro","1726857009084113010","","","in","Indonesia","0","0","1","https://x.com/tempodotco/status/1726857009084113010","18129942","tempodotco"
"1793077213233021277","Wed May 22 00:31:36 +0000 2024","0","Desa Tegal Harum Kecamatan Depasar Barat menggelar pelatihan untuk pemberdayaan perempuan melalui pembuatan onde-onde tempe kriuk hingga pemberian makanan tambahan (PMT) untuk posyandu terkait pencegahan stunting.https://t.co/RYW3zymZVF","1793077213233021277","","","in","Denpasar, Bali","0","0","0","https://x.com/nusabalicom/status/1793077213233021277","2655442453","nusabalicom"
"1730004965081370991","Wed Nov 29 23:25:00 +0000 2023","5","#Opini Program PMT (pemberian makanan tambahan) untuk anak balita di Depok menjadi sorotan karena menunya dianggap tak sebanding dengan anggaran. https://t.co/joSt22hzoY","1730004965081370991","","","in","Jakarta - Indonesia","0","0","1","https://x.com/mediaindonesia/status/1730004965081370991","68930552","mediaindonesia"
"1777814986359988595","Tue Apr 09 21:44:57 +0000 2024","0"," Melalui pemberian makanan tambahan bagi anak-anak stunting diharapkan pertumbuhan dan perkembangan dapat teratasi sehingga masyarakat dapat tersadar dan edukasi dapat menjalar hingga lingkup terkecil yakni lingkup keluarga jelas Irmanda. https://t.co/WOxemZiTZo","1777814986359988595","","","in","Pacitan Indonesia","0","0","0","https://x.com/Pacitanku/status/1777814986359988595","1394260704","Pacitanku"
"1326715472092360704","Thu Nov 12 02:36:32 +0000 2020","2","Ladub berkomitmen penuh merealisasikan program Pemberian Makanan Tambahan (PMT). #publisherstory https://t.co/u0eoLzK8Qc","1326715472092360704","","","in","","0","0","0","https://x.com/kumparan/status/1326715472092360704","759692754985242625","kumparan"
"1725097912865349817","Thu Nov 16 10:26:07 +0000 2023","6","Susi Pudjiastuti Komentari Program Pemberian Makanan Tambahan di Depok dan Ungkap Kekesalan https://t.co/LFxarFqXzA #TempoMetro","1725097912865349817","","","in","Indonesia","0","0","2","https://x.com/tempodotco/status/1725097912865349817","18129942","tempodotco"
"1788533176874516526","Thu May 09 11:35:13 +0000 2024","0","POLISI telah memeriksa tiga orang sebagai saksi terkait 42 balita yang diduga mengalami keracunan makanan setelah mengonsumsi bubur dari program pemberian makanan tambahan (PMT). https://t.co/0UaTTtlNaM","1788533176874516526","","","in","Jakarta - Indonesia","0","0","0","https://x.com/mediaindonesia/status/1788533176874516526","68930552","mediaindonesia"
"1762524322676326651","Tue Feb 27 17:05:19 +0000 2024","0","Pemanfaatan real food atau makanan utuh berbahan tunggal pada pemberian makanan tambahan di posyandu balita dapat memberikan edukasi dan sarat nutrisi https://t.co/ycZ7X7fZxc","1762524322676326651","","","in","Indonesia","0","0","0","https://x.com/kompasiana/status/1762524322676326651","23786106","kompasiana"
"1618118478954917888","Wed Jan 25 05:28:03 +0000 2023","0","Arahan Jokowi pemberian makanan tambahan sebaiknya produk lokal dan bukan pabrikan dan tidak hanya mengandung karbohidrat. #newsupdate #update #news #text https://t.co/K8OzL1WDJr","1618118478954917888","","","in","","0","1","0","https://x.com/kumparan/status/1618118478954917888","759692754985242625","kumparan"
"1726454103218479132","Mon Nov 20 04:15:08 +0000 2023","0","Pemerintah Kota Depok membuat program Pemberian Makanan Tambahan (PMT) lokal untuk menekan angka stunting. Namun menunya justru dipertanyakan. #focus #stuntingdepok #news #text https://t.co/U8agaL7DRf","1726454103218479132","","","in","","0","0","0","https://x.com/kumparan/status/1726454103218479132","759692754985242625","kumparan"
"1728775904846114971","Sun Nov 26 14:01:09 +0000 2023","0","PLN Indonesia Power (IP) memberikan bantuan berupa pemeriksaan kesehatan dan pemberian makanan tambahan (PMT) kepada 132 balita stunting di Nusa Penida Sabtu (25/10). #bisnisupdate #update #bisnis https://t.co/BbImD17J2e","1728775904846114971","","","in","","0","0","0","https://x.com/kumparan/status/1728775904846114971","759692754985242625","kumparan"
"1730128800288231903","Thu Nov 30 07:37:04 +0000 2023","1","Program pemberian makanan tambahan untuk balita bisa jadi buka solusi efektif masalah stunting jika tak disesuaikan dengan kondisi sang anak. https://t.co/nV71w2bAzJ","1730128800288231903","","","in","Jakarta","1","0","0","https://x.com/kompascom/status/1730128800288231903","23343960","kompascom"
"1771098778885558746","Fri Mar 22 08:57:08 +0000 2024","0","Rembug Stunting Bupati Kediri: Pastikan PMT Dikonsumsi Anak. Bupati Kediri Hanindhito Himawan Pramana meminta Camat dan Kades untuk memastikan pemberian makanan tambahan (PMT) benar https://t.co/lhlDbjGoAP #PolitikPemerintahan #bupati #Kediri #PMT via @beritajatimcom","1771098778885558746","","","in","Surabaya","0","0","0","https://x.com/beritajatimcom/status/1771098778885558746","21287066","beritajatimcom"
